Redness,Yellowness,Mass,Volume,Class
4.81647192,2.347954131,125.5081887,25.01441448,apple
4.327248484,3.322961013,118.4265761,19.07534923,peach
2.767383287,3.35306132,109.9686848,33.53736754,orange
2.96196981,4.124945379,159.2573359,29.00903658,orange
5.655719195,1.706671017,147.0695171,39.3056532,apple
3.179535848,4.59212901,152.9808208,26.32332312,orange
2.913569239,4.332490824,103.8095773,29.03893695,orange
2.036317606,4.879481355,125.8775247,18.21010359,lemon
1.988471396,4.858513508,123.1716785,11.33740009,lemon
5.978142252,1.614727596,92.29046425,23.34307333,apple
3.152065137,3.624983091,160.3336927,22.16979113,orange
3.342597198,2.686956947,165.2067911,23.80756443,peach
2.830224316,2.855972445,164.0739539,23.88596519,orange
3.341356595,4.235781415,161.8984033,26.44491764,orange
2.19829803,5.021780372,108.3417131,10.16897095,lemon
2.254826184,4.87317193,121.691259,19.59364834,lemon
4.47515185,3.221393309,130.9618474,22.953754,peach
2.839322834,3.537437355,139.0571794,18.98259719,orange
2.434427182,3.695151332,77.46033258,18.84783548,orange
2.089759552,5.119400088,134.3858362,12.46034174,lemon
3.907769069,2.969003433,178.6740901,19.56687622,peach
4.304058394,2.830823202,109.1177906,23.20684498,peach
4.520734995,1.952153464,154.8767495,28.09376825,apple
3.78622978,3.34969428,192.46922,23.78334129,peach
3.783642608,3.111092276,90.33850301,26.40557436,peach
5.070495611,1.712300758,157.7696905,30.3858012,apple
3.194536429,3.959291911,100.9460882,25.88882187,orange
4.875585488,1.533052696,98.18347849,27.04594411,apple
2.05468466,4.832792025,115.9702038,12.56495661,lemon
2.215520587,5.09655126,116.6747195,11.58299217,lemon
4.247633673,3.16004055,78.28142283,18.58234278,peach
4.986564753,2.095671927,98.63900139,25.33096526,apple
5.011283867,1.775697371,197.3904936,36.29369997,apple
2.100499472,5.107245912,115.1955559,12.81276655,lemon
5.655201533,2.405153168,148.2890441,38.68446839,apple
2.192431219,3.828100198,117.2299287,17.27379786,orange
3.468423223,4.484567251,179.381241,24.58548873,orange
2.910482814,4.798208338,130.4372121,27.37682477,orange
1.788102949,4.813641196,131.6070396,14.50520639,lemon
1.706922845,5.030261975,123.4123639,15.51771155,lemon
4.676930648,2.439609922,134.697718,25.81737492,apple
4.946571329,2.087282458,162.9462962,31.57386496,apple
2.643013934,4.149734205,137.7366574,21.0121384,orange
3.718635347,3.034866921,102.7868771,24.3711715,peach
4.136448192,3.164883836,128.8498665,18.86175073,peach
5.040503322,1.363128207,123.5506378,35.44447943,apple
3.817568088,3.571118664,140.0695517,11.31200587,peach
1.799155961,4.796914891,115.8476613,13.56423099,lemon
5.508905743,1.605639974,143.1154608,22.47415963,apple
2.859286731,3.716461166,205.6728979,23.81349155,orange
2.719813576,4.722691632,181.7963943,19.72035995,orange
1.689839137,5.04881959,108.5504439,22.66778452,lemon
3.089324186,3.2859101,203.7492103,20.97202158,orange
3.760091181,2.847680011,118.5481987,19.60604717,peach
4.676605989,1.670860548,120.4208147,31.3103528,apple
2.097705302,4.855246647,124.9090185,15.86734767,lemon
1.604707147,4.798167084,135.3097969,21.08903685,orange
1.916040595,4.796164001,115.6502662,12.05782684,lemon
3.365428279,4.299801479,102.8910996,33.84153054,orange
2.345272286,5.147980348,114.0839014,11.99497148,lemon
2.279758995,5.176061006,130.2121226,18.00041465,lemon
1.716580616,5.051811068,124.905634,13.92689027,lemon
2.235800896,5.081177942,122.6698605,16.06002872,lemon
2.750355234,4.127380757,120.7335749,26.48592491,orange
1.910598511,5.004953846,113.360557,8.932208788,lemon
2.778692385,3.53840163,158.0930266,30.77858187,orange
3.955214998,2.491148083,126.274026,19.69519587,peach
4.044643991,3.336361317,159.5574033,20.6261201,peach
4.782455384,1.820517733,146.2976258,23.87039851,apple
4.328153497,2.886478613,163.7875244,10.97052795,peach
1.795696839,4.998197871,124.3713046,16.27476606,lemon
2.796498461,4.098024405,87.67104226,22.33970183,orange
2.340426272,4.020548922,210.3290918,20.75627782,orange
5.020186918,2.439968607,203.9657571,28.91377776,apple
3.959976334,2.332190891,157.5228626,21.17718537,peach
2.117426318,4.944690401,123.0507689,11.95432152,lemon
3.531212555,2.832026923,120.3398591,21.76735689,peach
5.721744748,1.900621821,174.5268082,33.15815987,apple
3.508394914,3.096521967,185.7710417,28.72605887,orange
4.096127652,3.205576148,76.37237965,16.42980837,peach
2.520761335,4.231427632,130.3696059,22.49497715,orange
4.846257353,1.830569335,159.2695513,30.52226765,apple
3.879858519,2.925021288,148.2848168,23.8644018,peach
3.84648585,3.1658087,134.3936825,19.84155744,peach
5.802932422,2.136509658,109.2535944,28.13800175,apple
3.192137654,2.972868252,134.0935117,26.78971277,orange
3.298178574,3.286417799,155.249214,17.03517018,orange
1.917302629,4.855521632,136.7718349,15.20948488,lemon
3.74966469,3.224895046,155.5455017,24.07376846,peach
2.294134456,3.837709769,178.5844673,28.20234628,orange
3.118108791,4.911600762,135.7953447,21.60810589,orange
4.036390625,4.151640077,143.1785675,15.80247778,orange
2.669138538,4.32977668,112.1404958,20.38894682,orange
5.623680407,1.976307712,150.0451227,35.25793075,apple
5.087991325,2.005332461,199.2512997,30.35543209,apple
3.386679194,3.6496084,130.2691969,20.61596816,orange
5.061537491,1.680486285,124.3722805,21.95497885,apple
1.912322214,4.980043721,119.975413,9.705102069,lemon
2.241739583,5.081659068,116.9342331,13.75708589,lemon
3.263337142,3.893091088,162.175478,19.6416491,orange
5.350307424,1.548102657,148.6288246,36.35768154,apple
5.604432426,2.036987768,187.97707,28.36282179,apple
5.517338701,1.673245935,158.0370837,21.10850555,apple
4.852409671,2.442581075,212.4568566,35.96544296,apple
4.022498422,3.135583517,109.0637911,19.98272213,peach
3.71343729,3.529827383,147.1450072,33.80182626,orange
4.242844338,2.312942214,129.1221075,24.10737649,apple
4.07941093,3.194856939,177.007763,21.30079179,peach
2.082073765,5.028959936,113.3954041,11.32818959,lemon
1.916983246,4.955945181,108.2690997,16.2415024,lemon
4.370037142,3.165726578,150.60136,15.57506408,peach
3.91775707,3.435502582,121.6657865,18.09688692,peach
3.932924625,3.647059332,127.3577534,21.75474143,peach
5.034640816,1.793108146,161.5212328,36.73447555,apple
4.42991714,3.850257875,49.68612341,22.75003743,peach
4.300466879,3.20085034,133.6947867,24.86306506,peach
3.81872738,3.943349955,69.95390162,26.41768259,orange
4.757836708,1.899555309,190.0965671,28.19354207,apple
2.951947217,4.113689192,151.7705854,21.54318688,orange
3.040051968,3.624088852,140.1196577,21.71468954,orange
4.21289302,3.443003889,53.99341599,22.69987262,peach
2.271287603,4.90194149,127.0042179,9.976309647,lemon
4.661869592,1.591340847,144.649017,37.28932394,apple
3.20459177,2.481456674,124.5518171,26.29357791,peach
2.327705649,3.8617676,172.4199616,24.66837923,orange
2.39282232,4.225741141,160.0214526,22.34085401,orange
4.269319701,3.192781232,121.4104214,18.25327621,peach
5.473900679,2.197565788,154.141929,37.43728608,apple
2.046362514,4.988564085,102.4953957,15.78733741,lemon
4.552176542,1.958204243,127.3483882,28.46197961,apple
2.033232669,4.985133636,129.4965361,13.52350114,lemon
2.079969046,4.904715283,121.8601044,12.81640279,lemon
5.197453258,1.941089856,177.9774774,30.86419633,apple
2.307411924,5.075532101,113.4823981,22.0074838,lemon
1.55492212,4.723010499,151.4617266,22.46223828,orange
5.440983587,1.655503835,137.81937,26.34078213,apple
4.21689275,2.204691893,162.8916679,29.66183957,apple
1.873852473,4.783268169,124.7641952,18.58548633,lemon
2.963024025,4.401347786,119.7570104,19.11405,orange
2.417377224,3.915937548,131.219802,22.4103122,orange
3.345878542,4.105909302,176.0419174,18.49416188,orange
3.811900058,3.018228347,135.2876106,18.62795779,peach
2.154357209,5.137246521,113.932663,13.6055707,lemon
4.407539367,2.098270558,169.8524458,25.41930672,apple
2.047687937,4.921972106,124.021038,14.64724789,lemon
5.033420213,1.725236831,205.4589336,20.21711634,apple
3.567435208,4.113389884,128.4399136,20.33381327,orange
2.308693258,5.050525205,128.5953852,12.14961501,lemon
4.570488018,3.047281546,112.8467795,23.74086773,peach
4.358207915,4.285289738,111.4774965,25.083282,orange
1.677457692,4.950537898,119.9888309,15.73773259,lemon
5.019851322,2.29471087,129.9551308,28.9648474,apple
2.077307812,5.133786643,115.7022503,15.03883864,lemon
2.471064017,4.871743023,165.8170068,12.78370435,orange
1.867117342,5.103079945,121.2223332,16.76070564,lemon
2.006971781,4.905986568,139.7792477,15.48802193,lemon
3.911874982,3.403358237,136.9313132,19.34868423,peach
5.012293579,2.102330039,107.7526974,38.4716509,apple
5.842229932,2.425203478,106.0605485,25.51629428,apple
1.730274415,4.997871025,124.4312277,15.68617071,lemon
1.899983912,5.012889439,119.3186027,16.73886271,lemon
5.697482615,2.179851737,93.40958868,23.41184147,apple
3.497855007,3.065767455,95.85121218,18.35638524,peach
2.240176098,5.092797178,120.7765439,15.28141725,lemon
3.291481911,4.267477323,136.7450682,23.90797973,orange
4.102693257,2.587517545,135.9194429,20.36221229,peach
2.351768293,3.731499678,70.88393669,20.38002973,orange
3.854380263,3.251128892,183.9210864,20.02393185,peach
3.663888519,3.153226814,190.8798249,31.02307726,peach
4.262469508,3.176526423,167.2092125,19.24591523,peach
2.754573227,3.862623643,141.5399771,23.01016931,orange
5.280017078,1.457399902,105.5519251,25.84036766,apple
1.923139331,4.902361073,118.4515506,19.16680822,lemon
3.930028723,3.261547474,172.8148546,33.72841956,orange
4.442957137,3.219591902,94.86355275,20.49772307,peach
5.05188908,1.589675291,169.7972291,29.29191406,apple
2.725666406,4.161841186,166.340362,24.81785597,orange
1.976656898,4.969534983,123.8294708,15.72951625,lemon
2.068559381,4.981272799,102.5932291,15.02584316,lemon
1.780524984,5.023880997,121.9077495,16.05232939,lemon
4.237582117,2.948831803,165.1105341,25.42860578,peach
4.851926773,1.818454193,106.3960946,27.22451862,apple
2.097909885,5.005783695,140.6925231,12.92100781,lemon
1.953632411,5.05557432,120.7043838,13.87873066,lemon
1.959635103,4.954605425,128.9704843,13.04729408,lemon
4.5353712,3.015876053,149.2271525,20.87631676,peach
4.084589787,2.779196702,128.5710986,22.10715266,peach
3.391604605,3.271971744,102.4451367,24.89605724,peach
5.632887748,2.370628614,152.5247613,31.00876642,apple
3.322785799,3.352533099,57.77809968,29.13284501,orange
4.221707267,3.573755592,140.814703,24.45388571,peach
2.29001708,5.013083153,144.3419559,18.6193917,lemon
3.991508525,4.164992055,208.0091858,17.33029618,orange
2.57961081,3.083122167,139.7414561,22.49440006,orange
2.11908075,5.070763249,119.8608248,9.635576558,lemon
1.753275531,4.908743548,103.5898629,19.20791182,lemon
2.17832653,5.085628096,113.8810167,14.64795311,lemon
2.707701861,3.696436357,114.1678641,24.33905044,orange
5.168242271,1.897822008,142.6395309,38.27749799,apple
5.405245881,2.12608635,93.53523062,26.86125178,apple
3.202899839,2.661786608,110.0930712,20.72426057,peach
2.764288954,4.191499422,52.20833609,14.73623347,orange
4.301694064,3.115236496,150.65888,19.67698661,peach
3.223223631,2.929638463,175.5277117,19.47496374,peach
4.962172124,3.146994984,106.5676927,20.4418004,peach
5.563304675,1.756944989,133.6401872,35.71463619,apple
5.528859431,1.777725184,132.9814409,33.78000423,apple
1.802869173,5.003384471,128.2664484,19.52064424,lemon
3.881840028,3.017680384,139.4122474,19.82383937,peach
2.919390234,3.994609058,122.9490054,28.63360231,orange
2.455238837,3.731156847,147.531047,19.70583938,orange
5.688843918,1.672052833,159.3057101,31.28594196,apple
2.542622966,3.007006315,197.614576,16.76783612,orange
3.185725309,2.912559139,130.7398249,20.1283315,peach
4.87408801,1.700405705,135.3979371,34.18070195,apple
2.42809775,4.095290467,146.8416467,22.09778314,orange
1.693874955,5.011199895,138.7689031,15.72375997,lemon
2.116886092,5.011020736,121.4054047,15.59988412,lemon
4.510695722,2.187970723,155.3441621,35.22187464,apple
3.580670203,3.235763569,161.5667202,12.58332382,peach
4.126822242,1.908998516,159.7954597,21.72091958,apple
1.776032112,4.988287846,129.6667884,16.26941849,lemon
2.150957147,5.053587586,118.1187934,10.68321203,lemon
1.926948749,5.108803656,117.1872366,13.52469885,lemon
2.651168869,4.050851007,186.5893682,32.21336904,orange
5.71609184,2.68431872,166.7027222,30.10946326,apple
2.322965931,4.127782131,83.71231464,27.67356195,orange
4.082892716,3.104017292,161.5529361,15.3742681,peach
2.001418755,4.935215038,130.1683255,13.32315452,lemon
3.834747875,3.372611007,114.7304782,18.09875286,peach
1.784738734,4.833972984,122.6394512,17.95300729,lemon
1.904716628,4.82326843,111.907164,19.98190812,lemon
2.400911476,5.098738238,105.7149258,11.84820753,lemon
2.081490791,4.978531203,127.7545689,22.71845196,lemon
2.000928193,5.078104154,98.77592545,14.63093554,lemon
2.230810959,3.844330514,147.9380106,27.22190356,orange
5.364921897,2.336329126,188.9667934,25.12200813,apple
1.970951567,4.910342529,119.2457149,15.84749732,lemon
2.039403348,5.046179749,106.0837912,15.84672693,lemon
2.018588974,4.972968186,117.2813267,12.46652268,lemon
3.187806481,3.558240109,179.0525703,20.03421005,orange
2.198680115,5.093359311,114.3730721,20.23325544,lemon
4.895266007,1.79864856,140.9816021,16.77151217,apple
1.647072363,4.902926446,97.65007082,17.12703968,lemon
2.807409279,4.736386249,122.1903853,36.01942547,orange
4.245481377,2.928443771,215.6341801,27.93754285,peach
5.149352146,1.964728045,137.1656457,30.57155278,apple
2.215294392,5.082487965,147.0105777,15.02841594,lemon
2.605257644,4.519828872,147.5503435,18.23594107,orange
4.2566445,3.284100289,103.9118428,24.04290531,peach
3.516052498,2.938794327,140.842061,19.43150797,peach
2.059817904,5.029414058,109.8129619,16.10658334,lemon
3.04907175,4.631360326,213.5278259,23.03565836,orange
4.489759539,2.070977645,149.1399205,30.95448662,apple
2.61340796,4.337258951,146.9427692,27.33881302,orange
4.501743082,3.598063248,101.3774824,27.14004976,peach
4.546426194,1.895800643,120.4228163,23.03711623,apple
3.264017034,4.538101387,152.4381906,26.08557039,orange
2.783816815,3.376007688,96.17140014,27.03994119,orange
3.551607551,2.444940643,87.58893738,19.83150705,peach
4.952219414,1.818046715,148.8757809,37.77239597,apple
3.909206428,3.198805345,165.4301029,21.20936605,peach
2.130305428,4.942516919,121.670075,14.79940293,lemon
1.723933804,5.196023021,115.1859515,15.3829972,lemon
3.057812858,2.962122861,143.2639649,22.34160331,peach
2.048944387,5.077029506,130.5211043,18.00235909,lemon
4.341121276,2.151246876,181.1698015,32.52256815,apple
2.504322926,3.589861201,149.9621469,19.3875642,orange
1.807706571,5.015675528,122.9385536,11.50504034,lemon
2.985118817,3.633190322,138.1703216,20.76525493,orange
4.994150517,2.068686053,191.6069473,28.66635461,apple
3.35368027,4.327197976,137.5109584,22.84675567,orange
3.15325445,3.497610222,221.8985006,31.53319213,orange
4.213871936,3.420945554,146.7796692,34.31532386,orange
4.632836535,3.089529942,110.6960671,18.76221034,peach
3.526223577,4.187415946,124.7203321,24.02056066,orange
2.986712534,3.803375764,147.1655446,32.72002466,orange
3.786785115,2.669057617,117.563452,21.36901536,peach
2.204810434,5.038689304,107.9787808,14.77204099,lemon
3.516950028,3.196359206,156.5768479,21.18843509,peach
1.815433303,5.201182114,109.9231293,16.0158824,lemon
2.157686959,5.137102153,116.0999331,19.56117698,lemon
2.127137863,5.058390284,108.3761196,13.04515183,lemon
3.443775421,3.809654257,179.9944625,28.69325584,orange
2.990898979,4.723305291,208.0515083,23.1797376,orange
4.991133486,2.377108991,157.0649762,32.50090615,apple
3.77489247,3.054002921,179.5804852,15.90887756,peach
4.330772951,2.733569154,106.7892088,14.56879171,peach
3.159486032,5.047915148,130.3362211,20.3726905,orange
2.256146687,4.952243967,136.4243989,16.64663204,lemon
3.459396863,2.971147123,128.7676893,19.15398029,peach
3.869501192,3.073086933,138.5885467,21.37665583,peach
2.944003315,2.729264911,141.8826189,21.69365519,peach
3.198262262,3.698312736,200.9485529,26.4152794,orange
1.806356251,5.007418059,121.8119444,18.2129579,lemon
1.644118916,4.97643286,115.8198074,15.01131038,lemon
3.005621265,2.889375399,145.8617395,20.49191962,orange
4.638984783,1.906902581,176.0089375,27.09177927,apple
2.715431441,3.545884973,161.2658459,22.28517038,orange
3.692951001,4.854126755,167.6608589,25.8093322,orange
4.841961953,2.082483103,157.3042513,26.75079333,apple
3.5314455,4.746091856,147.4313482,28.29370887,orange
5.180254964,1.926933833,140.1839105,31.61371932,apple
2.161280568,5.198751836,145.8018279,12.50613894,lemon
3.853959004,3.230904015,78.27589468,19.05573285,peach
1.976798337,5.104504508,131.3359055,16.5010345,lemon
4.097807527,3.006523161,136.4105257,23.14886002,peach
3.432485985,3.990135788,158.7174845,25.89318174,orange
3.490630685,4.334838758,201.4282665,26.77105917,orange
2.13174572,4.979790626,116.5307581,13.66084506,lemon
3.121472787,4.284985892,177.9119882,29.25067898,orange
3.959422986,2.617447835,127.1335488,19.42779601,peach
4.03083976,3.363724236,115.2506252,21.68856569,peach
3.358235247,3.428288481,158.5012458,22.71817661,peach
3.852132002,3.036127336,123.0447225,24.43493078,peach
2.92887019,4.140134204,59.02571491,26.42669263,orange
2.05615871,4.962233087,118.3560018,21.43585268,lemon
3.502952357,3.301433598,115.4635698,13.54905977,peach
3.007173866,3.932370881,194.7302889,21.84430835,orange
4.260302279,3.289715732,157.0754137,21.03711893,peach
2.090221933,4.959171133,108.7334827,15.348122,lemon
2.145871511,4.973375543,109.8636721,16.58730639,lemon
3.043194879,4.015334029,129.6148355,22.38153728,orange
4.31744853,2.771511185,128.052745,22.95717488,peach
3.063562165,3.637147948,184.1061876,27.31227333,orange
2.183227438,4.92427968,111.9168811,11.55112458,lemon
1.585125677,4.927960971,126.9397462,18.21544477,lemon
4.668568917,1.834184361,160.1070676,34.47542042,apple
4.386863106,3.370555724,140.6399278,20.97432783,peach
3.223114686,3.665610516,147.7145296,16.9711488,orange
4.616282824,2.522533858,196.1392089,31.36733234,apple
1.960967383,4.882500925,108.8074102,14.57349022,lemon
5.085426602,1.985492637,163.1905403,31.99322801,apple
3.118006555,3.644403023,135.1091859,24.09514518,orange
3.039511733,4.029039655,135.492569,32.17515289,orange
1.700563262,4.861443462,127.6393114,14.39590077,lemon
3.561713158,3.260773941,103.7232803,21.40991337,peach
5.94068314,2.367257281,152.522849,35.48088184,apple
5.400669361,2.036144547,218.4296205,24.08458852,apple
5.39477825,2.021292796,114.7732671,26.54343559,apple
3.789735205,3.092728755,91.00737174,24.36769106,peach
2.03103356,4.973761488,126.9721787,13.53374281,lemon
4.495532815,1.513926078,190.0870058,24.2529484,apple
5.250229668,2.037535546,129.4056607,33.52962753,apple
2.884047814,2.884404026,129.5393979,19.09583471,peach
3.067149465,3.538755648,152.592411,21.59020717,orange
3.474595402,2.813347975,150.4296002,18.47744026,peach
5.368081882,1.448241775,143.1246965,35.13371261,apple
4.550112691,2.833505208,147.0459023,17.18713218,peach
1.853376598,4.914476436,110.8314113,18.32011535,lemon
4.098549063,2.680934812,113.9770358,15.06522766,peach
4.947294083,2.435616668,115.8298459,31.95250174,apple
1.879855176,5.117087824,106.6526927,16.28275968,lemon
2.116170233,5.042226186,125.1078972,12.67656442,lemon
3.382368037,3.255315213,184.0298336,23.37384839,peach
3.925035697,3.121765203,117.2500481,23.48859868,peach
4.734525583,2.406244285,142.0682436,25.83008487,apple
3.477422728,3.845573135,237.6178083,27.98279321,orange
2.453750671,4.897931466,99.59016962,14.82476362,lemon
3.621356104,2.613808958,140.0945858,26.58403267,peach
4.933541577,1.949772286,138.5522753,37.79141782,apple
2.03245196,5.016779056,123.9571031,15.19340854,lemon
3.568537695,3.557302568,166.1879645,30.99716413,orange
1.515626237,4.962411642,128.0815669,9.593229841,lemon
2.881715091,5.112633989,108.7968426,25.39317669,orange
4.91554776,1.989741154,151.0042571,36.47287392,apple
4.503191792,1.960533513,140.8900262,31.41675185,apple
5.075017998,2.290802809,115.015471,25.69208275,apple
2.133523058,5.117325404,135.2947972,11.24718066,lemon
3.764466899,3.290667798,122.3908964,18.88736689,peach
2.231024236,5.154379133,122.6084004,14.17644289,lemon
2.69978773,4.324212172,215.4866533,19.89562036,orange
3.4949827,3.366686622,149.5042156,26.80983531,peach
1.950017403,4.885258148,122.5145939,11.29823255,lemon
4.060492144,3.067186612,206.5710057,19.94743183,peach
2.271805249,4.299241244,160.6191868,32.56101367,orange
2.29647045,4.176623874,108.6090946,23.21432491,orange
2.85823493,4.258810956,112.3402964,31.5088521,orange
1.907116299,4.892762051,132.6432829,11.36680343,lemon
3.738621043,2.872599721,161.115954,14.04549426,peach
4.318333271,3.365954592,109.4925537,15.80407197,peach
2.316587229,5.060311245,119.7395171,15.06119095,lemon
1.763003119,5.029399576,110.3341008,16.95211837,lemon
4.3776352,3.247827022,65.13034381,23.04689174,peach
4.292278873,3.446852255,188.3133457,17.17865009,peach
3.949028955,2.50186836,158.168815,21.841524,peach
1.815943525,4.833411075,130.9793522,12.95544128,lemon
4.481811603,2.365403918,164.8252764,34.62853493,apple
2.409864932,4.921058074,124.7694477,16.48854938,lemon
3.832087944,4.114270949,197.0034116,26.15382315,orange
5.518691328,2.112433731,112.9143703,33.88667195,apple
2.278780006,5.038420424,140.4590872,18.27092366,lemon
5.140787586,1.871175638,129.7930233,24.32810305,apple
1.836111343,5.022424781,103.5481191,18.28098562,lemon
5.037871176,1.975156073,147.5206761,22.40593546,apple
4.312452739,2.323164237,189.817284,19.55571858,peach
1.795141704,5.107379457,114.4605811,20.58868935,lemon
1.949305333,4.957950488,124.1759738,19.52412291,lemon
4.540324328,1.895380527,130.6294771,33.97194435,apple
3.231808056,4.712322981,130.3876369,25.313306,orange
5.841930857,2.097646365,170.4833094,29.0257076,apple
1.632999306,5.04192011,136.1661657,18.9186823,orange
2.023780349,5.17650553,119.4705587,16.46206415,lemon
5.041192935,1.260451427,153.510896,27.1878277,apple
5.315057875,1.606143698,187.5645584,23.5342497,apple
1.631171554,4.186053479,110.5989731,21.7102007,orange
1.636371848,5.017276659,119.2920289,11.67148757,lemon
3.433604773,2.733973595,141.1139467,19.90653513,peach
3.002033143,3.858365251,105.7535823,28.88398979,orange
3.626117549,3.523230875,105.886494,21.07621065,orange
1.922378826,5.05413731,97.94876689,11.76418612,lemon
2.121356959,4.900537098,99.94854587,15.14441167,lemon
1.826038125,4.945389299,120.3397886,11.53479206,lemon
4.606059785,1.744435622,164.8996887,25.72332776,apple
5.760636632,2.384652357,157.2756239,32.07461512,apple
2.017540918,5.042519259,126.678567,12.7032494,lemon
5.48907671,2.123745199,101.7298003,37.11101773,apple
3.871802179,2.877796287,121.8240526,18.96121384,peach
3.842973783,2.97412329,120.3428639,21.01358998,peach
4.929604835,1.893322579,132.0658768,33.81470001,apple
1.799791578,4.883256546,133.214301,20.2439751,lemon
3.271814796,3.261756166,96.88257677,18.0423134,peach
4.631721527,2.099474914,108.7169971,33.32728296,apple
2.281150321,4.099178707,178.8138245,19.83195762,orange
4.538771264,3.084300087,120.8951928,20.15227117,peach
2.314136486,5.124409185,113.6434349,16.46673405,lemon
2.001840415,4.985644546,112.4103537,15.72140141,lemon
3.678400974,3.681540198,123.6329418,20.62478383,orange
4.677527481,1.668356825,116.2475449,23.55746703,apple
3.178965623,4.336561258,109.222191,21.75736372,orange
4.52460283,3.360267506,147.8085997,15.31536724,peach
5.017549229,1.494561038,183.6374631,33.80222037,apple
4.507146134,2.281441016,234.5983295,34.25372042,apple
3.699703248,3.466800915,163.6188068,26.53218937,peach
3.658933724,3.528148793,124.2177326,25.18925277,peach
1.894884382,4.979527857,115.1749375,14.84522492,lemon
4.239763265,4.745598832,138.9350929,23.42107969,orange
2.26229387,5.03957044,114.0896195,16.98226356,lemon
5.886262177,2.463743823,140.7585608,25.60460021,apple
2.840238308,3.619422437,97.94742063,31.34775101,orange
4.386057122,2.142357906,160.1460441,24.7842295,apple
2.192142541,3.305114232,146.7539669,23.97937146,orange
3.352029435,3.074655458,122.6569041,20.6146759,peach
3.82711248,3.971996444,147.7664823,23.70619691,orange
1.782256171,4.910839761,135.4538959,16.55027664,lemon
1.59599691,4.873867678,145.1887153,16.05862251,lemon
2.597906067,3.467507979,215.9347565,20.85066024,orange
4.328595978,2.951649421,195.4191031,14.33842917,peach
2.826222885,3.614602045,203.0621739,24.30378661,orange
4.006976696,3.581544147,119.5686124,19.82527472,peach
2.875314798,4.263414793,134.6185208,30.33388391,orange
4.246068783,2.489711287,102.2781728,20.78794247,peach
4.023490118,3.308255593,151.2793032,20.06816524,peach
2.159705683,5.133567242,119.9270089,13.57256378,lemon
2.669075085,4.206744664,168.1828294,32.64329058,orange
5.347899161,1.460771753,213.8191125,21.65459144,apple
5.076580199,1.760866028,118.5223578,28.23874262,apple
2.245820148,5.053033613,106.2271103,21.52349966,lemon
3.446565379,2.672864005,123.8178647,17.59569317,peach
1.813418625,5.071093628,141.8386666,12.26488185,lemon
3.27451056,2.925872469,133.4560046,17.44175103,peach
4.73712295,2.376664513,201.0624848,33.25848704,apple
1.782403456,5.092610726,120.5627844,9.671837517,lemon
5.186259057,1.668587127,130.3959416,35.96477003,apple
2.319394739,5.027409556,124.2020757,14.0854161,lemon
3.797222825,3.050619641,130.0191745,15.25646816,peach
4.450665972,3.245381933,122.7750364,20.68682532,peach
1.552707194,5.034708029,119.526437,18.09063111,lemon
4.839955029,2.088750943,111.0386017,34.2087378,apple
2.572906325,3.677367896,188.9480033,28.82912092,orange
2.138472238,4.149373087,151.182133,32.82903202,orange
4.42625187,1.712002078,145.2110328,28.93814268,apple
1.723265974,4.908729531,126.4556225,19.64337511,lemon
3.750177986,2.876022278,156.1834721,29.05834423,peach
1.741133389,5.100645728,120.6085785,13.50697127,lemon
4.166815333,2.457264715,112.1982071,26.95100571,peach
4.959094553,2.24769973,166.937119,47.72830868,apple
3.581528324,3.824927487,159.1644653,30.26884054,orange
4.012735933,3.279607104,104.3119197,24.99332339,peach
1.701386716,5.008062024,122.4400184,14.44911036,lemon
1.915358688,4.999425336,120.9736597,14.69464604,lemon
3.295613212,4.173231021,103.5327718,18.85711321,orange
4.218397127,2.829507334,126.8721381,20.8798601,peach
4.700165195,1.409400749,86.27566907,19.89804445,apple
1.846900414,4.963314576,125.9164281,10.00852285,lemon
2.207911554,4.997470801,116.9984946,14.86232868,lemon
4.449827139,2.664831741,150.7401466,31.81920089,apple
3.665841472,3.216636818,156.7495317,17.54023443,peach
3.99234346,3.002535492,107.3886443,21.54233572,peach
2.810793631,5.358151371,181.3035952,20.95256209,orange
4.728517599,3.126363551,170.7021422,17.41537897,peach
3.679752856,3.745627838,157.5981884,22.27648543,peach
4.756201997,1.929459154,99.0630589,31.78333376,apple
4.465531713,4.060761059,156.8464338,17.7594595,orange
3.652828474,3.258344658,129.5400611,25.63504948,peach
2.345664405,3.714740668,90.02893276,26.65414677,orange
3.055026579,3.664458939,110.433182,25.59357838,orange
2.172665926,5.001251523,112.8674064,14.32166454,lemon
4.059304239,3.41523193,112.2090966,18.46349108,peach
2.85914819,5.0075215,156.6577299,21.15338355,orange
4.757292314,2.277838282,154.9326675,27.58502977,apple
2.177162992,4.971754829,129.4355135,11.04430207,lemon
2.156010962,5.012348593,121.3623344,19.78858817,lemon
1.991834922,5.067884671,131.4318915,15.80715246,lemon
3.571279417,3.667382838,147.5817115,26.9008918,orange
3.086956257,4.736482632,116.1925554,28.27501226,orange
5.014831907,2.176716034,136.469287,34.86783954,apple
4.874809657,1.964540824,120.2043257,38.41645914,apple
2.017193153,5.052792521,118.0959026,16.33547278,lemon
3.019284359,4.413112049,197.0144855,25.00517199,orange
2.117462505,5.025085317,115.9577415,14.11158026,lemon
4.277072598,2.885203626,147.4690227,14.23784902,peach
4.755582365,1.731458985,191.6045192,31.05723144,apple
2.258783228,4.895978628,123.0380564,14.65528827,lemon
4.590996823,1.861758061,153.3716871,29.21542475,apple
4.231454649,3.805037386,156.2671404,24.03532753,orange
3.337858072,4.22246543,131.4413638,25.6690803,orange
1.790212855,4.933893619,137.8282094,13.1107858,lemon
1.674901225,5.010764713,116.4878875,18.32996531,lemon
4.956512916,1.983413933,189.1233814,14.86384729,apple
3.866402352,2.407983337,157.6456707,21.08332386,peach
3.571629079,4.313585305,165.0203917,18.77466224,orange
2.139091301,4.942199649,117.3651536,16.44910275,lemon
2.607961251,3.765032915,123.4204865,29.59159253,orange
2.03599299,4.997771018,131.2002528,14.81534826,lemon
3.409393829,4.280243085,154.4842421,17.32089827,orange
5.188915908,2.078991257,189.6027835,38.51713723,apple
3.396200415,4.132080472,145.1861858,22.00589139,orange
2.58982974,3.652601189,193.843501,33.52979712,orange
1.922818024,4.99857211,122.0626254,16.48165406,lemon
4.588699464,3.040601371,142.6819381,18.45465391,peach
4.995523431,1.715255609,149.8513496,36.77643336,apple
4.192251314,2.844308067,112.4791276,14.72698935,peach
1.755958332,4.996339576,113.8714666,16.17689055,lemon
2.218400221,4.916806477,124.9677793,10.49075351,lemon
2.896477999,3.490478635,145.5442268,16.13593504,orange
5.003193871,2.024211833,135.9777133,30.60201474,apple
4.528533905,1.496681717,169.9219052,33.47297675,apple
2.78388225,4.105133544,131.8148951,17.65458124,orange
4.661481985,2.513230315,150.2183624,26.14581543,apple
5.273875037,1.946110237,123.7104641,22.86208787,apple
2.838636388,4.205499918,85.06568718,21.40916859,orange
1.917054352,4.815857112,132.3630553,19.99693238,orange
4.951257499,1.717476585,158.269708,33.28692671,apple
5.315914253,1.8846897,206.3741965,30.8825836,apple
1.989447626,4.960723995,121.2583659,15.68431337,lemon
4.190329758,4.319277162,123.0765451,22.10178858,orange
2.710943508,4.139969589,130.6458611,26.17928428,orange
1.926648887,4.998205084,128.1276574,12.73591306,lemon
2.579071853,3.703833525,128.8307748,27.53529121,orange
2.136715188,3.533067832,186.1078114,33.00587989,orange
3.278605896,3.187999034,114.4864523,28.76642576,orange
2.035003262,4.920838584,111.0314054,16.22824034,lemon
5.241555133,2.107930887,165.9277103,30.67540872,apple
2.270431759,4.934148757,121.1376017,14.90945972,lemon
2.937747171,3.691029189,128.947993,14.53654576,orange
3.957269612,3.95270278,30.08048454,27.01313201,orange
4.829306702,2.08736724,183.6795869,19.67902521,apple
1.809946385,4.898287314,112.7651503,9.671310598,lemon
3.266836376,4.632085795,180.4704782,27.0706386,orange
3.990251406,2.879231694,121.2307859,20.58112462,peach
5.12824618,1.747676049,105.2024334,30.37654613,apple
2.275148569,4.221169648,68.59718018,17.0335364,orange
4.37527275,3.104232864,127.5551146,20.66730076,peach
2.209643688,4.964630509,135.7751019,13.2386872,lemon
2.471922245,4.095708434,147.248481,20.09511397,orange
3.723450284,3.145240232,146.356011,17.30768503,peach
1.713960534,3.994349679,128.6899923,29.45732111,orange
2.33829417,5.048615503,116.621802,17.08305063,lemon
5.068974738,2.683549152,183.5801805,31.36605269,apple
1.844077162,4.832703108,132.0822677,13.67103195,lemon
1.96455746,5.041636062,122.8931264,13.66287175,lemon
2.150271108,5.205801359,120.9915505,17.95496215,lemon
1.825150417,5.067046133,123.5588146,13.36943314,lemon
3.725280607,3.289929558,128.0217855,18.65445012,peach
1.862419247,5.196876957,129.4442543,15.29201198,lemon
3.345901317,3.384097318,147.1934861,17.45724979,peach
2.044931524,4.759179639,120.3254517,17.34871469,lemon
4.620029328,3.395112853,122.8995957,17.9353141,peach
3.853158089,2.796378161,137.1056432,24.90427592,peach
3.899711798,3.166037691,133.9716796,24.39338302,peach
2.46273723,4.882363928,116.900718,10.30609238,lemon
2.125766169,4.888528869,127.6887007,14.22962918,lemon
4.153705816,2.104093734,213.373599,33.6595282,apple
3.95234622,3.274824432,96.19795766,25.27767071,peach
4.599632968,2.802616841,146.0035353,16.69946829,peach
3.381436352,3.968394416,75.7520254,35.92799043,orange
2.165559022,4.929789568,115.7884114,19.24706521,lemon
3.680067023,3.133394195,122.6898364,25.64242454,peach
1.761800476,4.979799087,125.6043788,12.4390895,lemon
3.492417692,3.012292521,169.0652557,25.67453122,peach
5.718459791,1.73833112,143.9168323,36.21288814,apple
5.500312722,2.147578637,213.0598718,31.80366113,apple
3.44881398,2.910121958,112.0372693,15.93577498,peach
5.117758199,2.0325848,198.3878213,29.58449839,apple
3.718891444,3.292433887,175.5619249,16.59566122,peach
3.534356183,3.7587706,189.8622144,23.08518347,orange
5.087810426,1.884479734,139.1591881,26.84938885,apple
2.32046506,5.094899045,124.2465408,18.00645359,lemon
1.900413369,4.971702227,110.9394106,19.07639033,lemon
1.864759231,5.006979764,120.9514075,19.2498521,lemon
1.913367167,4.992663215,109.7453547,17.33099919,lemon
2.116834626,4.965734787,110.9656624,11.02703736,lemon
1.957219764,5.133315084,121.8984412,14.50725882,lemon
3.172871723,2.927739349,147.0127581,16.21812834,peach
1.987337795,3.779693752,94.59256816,25.18362935,orange
4.094797923,3.322943195,98.5027356,21.22439085,peach
5.024403436,2.204559485,126.8343418,19.88191067,apple
4.805850011,3.059110542,109.3496049,23.44942534,peach
2.537930896,5.016238285,121.0121846,11.91683294,lemon
4.583786381,1.691418596,149.7084468,36.50332941,apple
3.89968747,2.788155292,155.7160245,20.6768443,peach
4.973112443,2.293307423,177.7686256,27.88386065,apple
4.245250737,3.051198039,146.4945431,21.37492535,peach
3.45221357,3.840787505,158.7265889,27.27042206,orange
2.410291421,4.059816443,177.7068173,31.82421248,orange
2.528706102,3.929161776,137.7018268,22.02474122,orange
3.44679248,4.240150052,162.6390633,36.45635856,orange
3.124981388,3.391248143,93.62713467,9.973419843,peach
3.36321405,3.501025156,144.0883557,22.5683711,orange
3.051752871,3.223434752,104.1614005,22.89550306,orange
1.71566424,5.081806535,122.5139203,7.248347262,lemon
5.304923927,2.016249725,129.0160377,34.83284461,apple
4.329305491,3.237319568,148.8999804,18.39903247,peach
3.377491799,3.408386242,147.5634929,28.56327409,orange
2.650292811,3.539842476,110.4998688,25.06830825,orange
2.181191556,4.941803268,126.6792198,16.03322423,lemon
5.523145939,1.874543155,126.3864696,29.32727078,apple
3.739384406,2.675408031,165.4146548,19.54974548,peach
5.467920236,1.848466694,176.473929,33.78976416,apple
2.057544503,5.033502454,111.4328573,16.38170623,lemon
3.48205397,3.102475118,138.1129605,16.49896249,peach
4.761597769,1.808037528,171.5309401,26.90040052,apple
3.564401119,2.870088041,130.7652034,18.28346824,peach
3.986698906,2.570601842,78.85158676,22.30913688,peach
3.832341952,2.791961959,148.5388803,21.91890253,peach
4.693312686,1.648846848,167.8645723,33.86009746,apple
4.98789256,2.273519172,122.481064,27.06346201,apple
3.538090152,3.063208971,187.366465,20.48062053,orange
2.298884336,4.947753258,113.3272929,15.56565046,lemon
1.958772765,5.0404132,118.2811819,10.13659091,lemon
2.111564828,3.552553079,117.3472915,22.20426916,orange
1.894192903,4.976272198,129.1411265,15.88490526,lemon
5.23135335,1.894777712,156.5655691,37.50928961,apple
2.35962938,3.633119092,151.2097839,20.17211771,orange
1.752953621,4.887727747,111.691424,14.94531275,lemon
2.332154069,4.98949111,118.5621635,19.8723989,lemon
4.575445192,2.97713486,110.4942341,28.37359305,peach
4.911403225,2.126380037,159.0611207,21.43828413,apple
3.232245007,3.047056392,62.71456247,21.19412229,orange
5.123419501,2.181745692,144.3711145,28.26867791,apple
4.408840009,2.493969408,123.8229276,31.64159261,apple
3.653163213,2.91447228,146.8988119,19.45354879,peach
3.493906004,4.598354861,165.8857781,27.27623637,orange
3.308231922,4.590081419,144.8502237,21.43563869,orange
1.974403531,4.948840323,120.596655,16.35039139,lemon
2.986990076,4.541532237,113.1420899,23.99371754,orange
5.422892079,1.260247795,107.6025253,25.28239223,apple
5.134563967,2.167462123,132.2687738,32.61398456,apple
4.045109418,2.091794246,132.1167845,30.62030494,apple
3.370202268,3.311972043,140.1114503,13.958174,orange
4.506453759,2.791225111,148.7283034,16.30861323,peach
4.552278084,1.888346196,175.5560417,37.82185557,apple
4.72887705,2.22284805,134.4691614,32.26517486,apple
1.852530101,4.902421708,129.4013351,14.55530556,lemon
5.125385005,2.169871965,131.5738386,22.61544124,apple
4.610570165,2.960400422,156.9506413,14.93944426,peach
2.148209413,4.883105757,133.2465932,16.1192638,lemon
2.532943117,4.949250843,28.98796721,21.90079266,orange
1.836696814,4.982935745,132.6709145,20.50559919,lemon
3.605175337,3.07834711,140.3556815,21.87488893,orange
4.992511893,2.768995324,103.1635798,16.72158967,apple
4.147807369,3.192999519,134.0380063,18.86787564,peach
2.077254978,5.003545245,117.3315736,12.75045723,lemon
4.6696392,3.587588217,132.2179147,34.17072405,orange
3.885640438,3.841080634,154.2653315,33.85186677,orange
3.235324704,4.100068391,158.2133447,21.02671868,orange
4.009795537,3.067146668,134.2911392,13.58172281,peach
1.702913551,4.991979132,125.3783316,12.25024308,lemon
1.905865337,4.947881109,119.5873811,15.49597975,lemon
2.810171057,4.332169679,195.4931438,23.58917217,orange
3.009609377,4.051369107,155.7373683,14.37058085,orange
2.96246766,3.428632748,162.7715315,17.6122826,orange
1.945820004,5.130005233,129.3989687,16.56475066,lemon
5.20858049,1.485910238,117.7730259,35.18978104,apple
5.480687287,1.920653947,141.9827974,24.5431728,apple
2.650912113,3.981228354,153.0145995,22.42042565,orange
5.308411031,2.051536919,112.2163918,34.75387112,apple
3.530185063,2.788479068,155.8483546,14.22912551,peach
3.458104138,2.770089407,137.5778326,16.34013851,peach
1.986425466,4.890410169,116.3963616,16.02369821,lemon
3.891052325,3.129161644,133.0640432,21.68467525,peach
2.113873846,4.954213944,128.4725344,11.94525653,lemon
4.656821084,2.656674627,161.0480035,18.07545978,peach
3.571281682,3.532096488,117.1805122,20.63974538,orange
5.20066562,1.779308555,166.1321445,34.18581264,apple
3.820200163,4.133085919,99.76027057,30.66233097,orange
2.430576832,4.259996455,132.8473796,19.07261483,orange
4.835482213,2.111639841,157.498481,34.53614846,apple
3.687006395,2.657314741,158.4086997,19.45447527,peach
3.810316808,3.133943078,129.9693907,12.41827559,peach
3.172240671,4.089286315,83.67047667,22.43787972,orange
2.233432473,5.001553664,110.2194031,13.22430057,lemon
2.745189658,4.537387622,111.4078268,20.82356895,orange
4.283427376,3.102582222,107.1289338,19.76202434,peach
3.703922779,3.903422502,81.02530382,22.69168822,orange
5.061886745,1.911448861,131.5896496,32.6971414,apple
1.878560917,4.886683021,138.3706311,14.37015797,lemon
2.0216705,4.993327064,140.9391734,14.28608227,lemon
2.070092179,5.016222397,106.4519715,11.22069718,lemon
1.966244778,4.907294879,119.9135908,17.12289219,lemon
2.154091877,4.83788313,116.054117,10.34871244,lemon
5.52427382,1.794182922,167.5109765,36.43690695,apple
3.068393721,3.69071008,160.2021504,22.86557943,orange
2.464322959,3.238474869,103.982226,28.29594863,orange
1.874777216,5.0877538,121.199303,14.24702556,lemon
5.188384059,2.61205607,135.1504633,32.87782962,apple
1.766317359,5.008160008,123.5907605,13.35100185,lemon
4.591364914,2.195276874,92.68873962,25.96845764,apple
4.026158292,2.925473444,77.54297502,20.89178096,peach
5.138848526,2.188092197,136.8302584,21.3834017,apple
3.040644411,3.621228077,93.66663019,31.0506261,orange
4.643879828,1.608947985,154.0568816,33.67393232,apple
2.438242182,4.575479233,85.64535225,20.9825129,orange
1.94460096,3.556012802,161.6364837,28.70710316,orange
3.842219471,3.029026936,146.5593599,16.36882908,peach
3.195346821,4.054151047,162.0036077,28.66217925,orange
4.566152894,3.086106304,126.2138578,16.77142052,peach
3.776357574,3.221374066,143.0411125,21.13132201,peach
5.15274816,2.187686909,147.4453946,39.04291335,apple
4.381564518,2.311690158,152.624866,26.85137294,peach
2.180583848,4.888743364,114.1128786,14.02503844,lemon
1.940654187,4.923478034,132.682597,14.11890488,lemon
3.833503967,4.217125145,42.14343022,25.7743565,orange
5.355999033,2.28144735,104.9464241,31.08693158,apple
4.0255337,3.251809402,158.0164837,18.51202456,peach
3.549744407,2.497714149,138.1149123,22.31923852,peach
3.073692217,3.228208885,109.6702702,24.93651567,orange
3.61977426,3.005108566,152.4542071,22.57067092,peach
2.509884264,3.38260932,177.5513021,22.26880036,orange
2.084667769,5.013261477,128.7106136,16.83992246,lemon
2.838671171,4.10007901,193.6864008,25.77987289,orange
2.4140495,5.090132953,119.7745217,13.96255266,lemon
4.522274243,1.1624577,137.618167,30.03412104,apple
3.677190078,2.76786157,133.3133837,21.64034224,peach
2.887263007,4.309943297,160.8520263,26.45526487,orange
1.905476548,4.988359471,152.0936542,13.45413944,lemon
5.03084303,1.688459749,142.6395497,32.93202055,apple
4.160306305,2.450283648,176.4768922,23.15949371,peach
4.663754989,1.721256061,98.6494636,26.82514776,apple
4.32877275,2.678216855,157.1196893,20.81333826,peach
3.839926453,3.542389551,125.3949971,18.96195843,peach
4.168672035,1.826281767,192.0358547,15.07913341,apple
4.306047885,3.184945421,163.6106484,17.93119849,peach
2.29069937,5.100308734,136.7685995,13.78422329,lemon
3.841647993,2.845369936,99.06418341,21.21068562,peach
2.991222809,4.05713299,198.6298117,20.35330668,orange
2.158134236,5.07756042,110.9812437,12.44955514,lemon
3.789987492,3.037595962,177.1938583,20.27017548,peach
1.610380433,4.957709392,119.1008864,20.21448802,lemon
3.883289959,3.038300961,125.2000346,20.7066907,peach
4.796925371,2.009647613,150.6726672,29.50850449,apple
3.094844417,4.505865769,167.1483796,20.45005523,orange
5.141357106,2.013163814,156.1896078,39.41697748,apple
4.04656986,4.082439001,169.3077446,21.10875143,orange
3.854240648,4.150670719,116.5541947,25.40863968,orange
4.360747968,2.807126597,161.7073645,18.4780405,peach
3.404086973,4.225999032,158.3774919,21.41346256,orange
3.956582695,3.189775002,139.3901394,27.5663436,peach
5.030231692,1.802754459,142.0592899,32.82960452,apple
4.336859707,3.954930198,130.803677,18.15581509,orange
5.504637639,2.225296865,158.4961775,20.43225399,apple
2.705944132,3.928118157,139.9346509,30.15587616,orange
4.558295415,2.130423383,156.3255154,24.87866285,apple
1.796638773,4.994518041,125.6104918,17.5795745,lemon
4.954898699,1.652532527,162.1658649,32.28865456,apple
3.723567184,3.497199477,92.70069916,30.48708209,orange
5.193290549,2.017895891,199.0098641,26.43675517,apple
4.672984725,3.101110166,82.12341142,19.87850571,peach
1.770544644,4.920597088,120.1446168,14.6646021,lemon
1.867588842,4.88888509,126.0699061,17.13436941,lemon
3.569863509,3.328264693,157.575584,23.2931798,peach
2.101537008,4.977686622,124.2676915,16.34528786,lemon
2.790543521,4.012693429,162.4023142,22.93463186,orange
4.040526443,3.088733598,115.3819562,16.10804885,peach
4.192330392,2.864514294,101.1482321,22.92658286,peach
4.932811511,2.040369992,97.49092954,37.73996121,apple
2.646592794,3.583669539,139.2136338,26.67112949,orange
4.274507412,2.377531934,159.6759477,20.96835863,peach
5.082939441,1.900100814,119.265949,25.56521706,apple
3.215639887,3.813647685,182.0206912,23.86836798,orange
4.422482708,3.253147826,141.0338634,13.0959899,peach
4.906802977,1.448888621,173.1255016,35.16695633,apple
4.684602308,1.839913238,168.434866,35.05521638,apple
4.344508891,2.94626711,105.4115635,19.57882348,peach
3.866517975,3.369382362,136.3189403,21.72231951,orange
2.030445517,5.007036259,121.5881175,11.88649564,lemon
5.063715632,2.200770996,171.7812533,26.58396902,apple
1.795391677,5.125304991,95.85572352,18.74472113,lemon
2.356209908,4.895896871,131.1822651,14.18721267,lemon
4.989724421,2.206302139,113.0857926,28.85277084,apple
1.880001533,4.967613264,119.0427076,19.03640609,lemon
2.116809054,5.02706619,113.0995101,18.14153624,lemon
2.330032431,5.039299463,144.5921229,16.25238176,lemon
2.593001471,5.057053091,149.6241999,24.73013569,orange
2.614677988,4.53278468,158.6554761,24.72919323,orange
4.447440183,2.745400093,164.6162762,16.00004265,peach
2.010907656,5.031498965,126.784988,16.47959085,lemon
1.943727179,5.143833413,128.2460989,17.65704303,lemon
3.490113067,3.502858271,79.47413241,27.43357753,orange
4.672362812,2.073975826,129.1123848,30.50489065,apple
4.093259733,3.201533069,165.3106493,22.73747349,peach
5.331278428,1.865138634,163.4212649,22.09645709,apple
4.908262457,1.851903592,157.5136582,32.56548981,apple
1.939966253,5.002594658,121.5234255,14.68895417,lemon
1.544244912,4.818786491,120.2116347,17.27160408,lemon
3.792448547,3.191642721,123.060214,25.78919067,peach
3.918754294,3.227251916,131.4562427,28.3472138,peach
5.231547714,1.756838007,161.7404337,29.30877241,apple
4.903740323,1.938336612,82.82176653,15.52605374,apple
2.052095871,4.910912852,118.8087786,12.19460819,lemon
2.878305435,3.157676081,168.8712958,20.91236012,peach
1.898860281,5.030404245,93.46803861,10.87831411,lemon
1.719607891,5.000776212,113.5610408,18.0252729,lemon
4.094408693,3.694509494,154.2482578,24.96234126,orange
1.87700228,4.946961767,113.3953034,17.4583231,lemon
4.693707355,2.792949854,148.888667,16.31128846,peach
2.317011011,4.890007006,109.5711005,8.46473339,lemon
3.28331767,4.12623063,171.4885773,24.47000607,orange
1.728377988,4.884636039,124.4301024,13.41328831,lemon
4.042076336,3.342107859,161.4351881,22.82795655,peach
5.21131334,2.301303019,147.3218651,28.7379193,apple
5.19642716,2.394397096,182.0823358,29.14658476,apple
5.64733388,2.14906741,122.1488649,27.35493427,apple
3.072458589,4.746639197,214.1390778,26.15302396,orange
5.091920567,2.31727634,172.997337,37.9818834,apple
4.130051084,2.767110372,104.5976844,19.72144563,peach
5.365709701,1.924812651,128.5555425,19.55178746,apple
2.005670694,4.94945658,142.3649965,17.19408289,lemon
5.716265498,1.406064377,141.5210465,30.87506985,apple
2.854602675,4.53172312,145.7631464,18.66500815,orange
1.537582689,4.971922109,109.792817,13.47074696,lemon
3.783337211,2.563310713,115.4515115,18.93953498,peach
3.016375244,4.124525561,186.0034489,18.78742797,orange
1.529488282,3.63975655,194.1181775,37.4144525,orange
4.928962762,2.220655642,145.5957409,14.05146338,apple
5.034003246,1.64916963,142.7484674,35.7034362,apple
2.112331688,4.845335435,125.335175,15.99881765,lemon
6.179457125,2.041156669,117.4881118,34.16284284,apple
4.179931845,2.861209765,134.0785855,21.0735837,peach
5.50135917,2.062740618,141.4953244,27.47777179,apple
5.283338851,1.851658107,169.0549935,27.83538,apple
5.320836983,2.349082271,151.2539811,49.08707059,apple
2.097488992,5.042725142,120.6321989,11.32290841,lemon
4.20603148,3.65047889,128.3106229,26.88348517,peach
4.558103456,2.718780816,92.43266928,12.08603312,peach
3.248500531,2.475936416,114.8199976,23.68996847,peach
4.597614237,2.209047464,132.9034027,36.58435404,apple
2.242280118,5.087475002,119.187314,16.69194569,lemon
2.838485165,3.303071653,120.7623631,32.19917767,orange
2.730211833,3.686649781,124.5402738,25.49894191,orange
5.060144265,2.327263593,175.0704971,19.85047599,apple
4.710493861,1.877970132,133.9948093,29.3676042,apple
1.514960765,3.94882347,190.8993826,28.36662118,orange
2.412940798,4.374345999,112.9080664,40.31212229,orange
1.819858715,5.133058102,117.3602979,14.24409312,lemon
2.888915199,4.541536437,131.4173035,24.69890098,orange
5.473984264,2.420984438,160.0006958,28.57447219,apple
2.892000028,3.679774758,166.7381003,25.12676704,orange
3.256666761,3.972660384,203.5481562,22.75484251,orange
4.656198873,2.710632773,156.1180319,18.84733019,peach
1.943151862,5.028171878,109.1563255,14.64995007,lemon
2.017005869,5.070481011,106.9532259,18.33120062,lemon
4.802921944,1.910740444,194.68042,29.38429608,apple
4.064297834,2.428082219,122.4671275,12.78264249,peach
4.127131792,1.996283364,159.6035227,37.94502967,apple
2.164890418,5.106209034,138.3534207,13.12226094,lemon
4.270679876,2.095770452,149.6432313,21.4525255,apple
1.725234834,4.981225789,120.0708996,16.37785409,lemon
3.600284309,2.970312397,119.3808814,22.75636675,peach
2.233065796,5.088622837,107.7138267,17.43340918,lemon
3.729717921,4.928565836,117.4436738,23.91428437,orange
2.107101233,5.075746051,112.4937218,14.42567276,lemon
4.183700358,3.625490288,100.8769469,18.69346518,peach
5.071474581,1.520930784,145.749536,24.58492841,apple
2.557256794,3.410793505,85.52330718,21.70896314,orange
5.323279053,2.133795728,167.8751127,28.86443062,apple
2.144911166,5.051788863,131.0319008,16.48520925,lemon
4.491570945,1.776296987,151.1515528,28.52952027,apple
3.721460662,4.072767554,122.5480999,23.26307258,orange
2.07296648,4.953007908,126.8677911,16.78379997,lemon
1.784728654,5.06897146,121.3863777,18.26515191,lemon
4.925844936,1.634051294,110.612918,17.89493772,apple
4.824601696,2.031881613,137.4665995,18.32394283,apple
3.31684447,4.435147439,182.6584959,24.09443751,orange
5.023730734,2.9869327,136.7058753,11.7385613,peach
4.821812874,1.780985388,128.5139708,30.64017169,apple
1.928155188,5.242216854,108.2382498,15.16919411,lemon
2.261397245,5.066699522,119.113054,14.23970932,lemon
3.901846816,2.684924745,125.0354843,15.73367361,peach
5.002669638,1.957295669,198.8148025,33.71379714,apple
2.203155761,5.088613806,116.3791734,14.41617874,lemon
3.799823108,3.355486428,114.5682895,18.63958746,peach
4.794368973,2.659119615,105.9678192,15.71066592,peach
3.533764823,3.01635219,151.4927393,13.95171488,peach
2.852319536,4.120728841,147.8566374,30.13365936,orange
2.232492529,5.073248075,105.8622285,17.45742173,lemon
3.042749698,5.049289048,132.8953912,18.69810107,orange
2.055819264,5.02933042,126.6770666,11.48218324,lemon
3.222180075,3.454960679,177.722634,21.57994343,orange
3.517094945,3.315870139,152.6384943,14.53775308,peach
4.030338975,2.941840839,108.4318039,28.98500264,peach
1.808666241,4.989243998,114.2635725,10.68026529,lemon
5.021519497,2.339549034,136.7752761,27.72198878,apple
2.657482993,4.063876889,82.6983113,23.86463617,orange
4.14010025,4.200729108,189.589601,22.95286771,orange
2.26832359,4.913780565,120.0965752,14.14374302,lemon
5.051743127,2.229823978,181.2325836,37.98574478,apple
3.003997331,3.121451354,139.5974539,26.67634547,orange
3.609290419,2.96447615,160.3374478,21.41369147,peach
1.505706335,4.884959024,125.0291124,15.54513059,lemon
2.377037009,4.786389861,105.3609594,32.80351435,orange
3.802966782,2.967964352,95.61617084,21.23888321,peach
4.763301121,2.361011879,131.0929824,26.67896651,apple
2.181239035,5.135314419,122.1624694,5.521613563,lemon
2.178515104,4.880255414,127.0525827,12.97953273,lemon
4.222361362,3.168259063,101.4315965,28.80872832,peach
4.368359445,2.022375219,184.4220214,29.11620403,apple
1.697072904,4.938745948,135.142889,12.24272497,lemon
2.617044344,3.714415153,154.4891785,24.86936102,orange
5.589438615,2.330880042,149.3048225,14.44990745,apple
2.099998017,5.066816267,104.1542958,14.63726066,lemon
4.237392587,2.764906728,187.5397741,18.59841502,peach
3.162545407,4.130812158,190.4798402,28.806799,orange
5.092545301,2.010172245,186.6912214,29.1833134,apple
5.685141486,1.669851377,176.8515432,31.66520914,apple
2.071218806,4.9757851,105.3274084,11.34232541,lemon
4.407186638,1.909210355,164.5815148,35.88462842,apple
4.297037645,3.582443861,124.6148816,20.59261063,peach
2.11916396,5.089999811,111.717378,17.45714745,lemon
3.579040565,2.970293512,209.4321139,19.6764786,peach
4.880957976,1.476837672,151.9214684,34.63041143,apple
3.286408708,4.012878178,199.0366662,17.84324961,orange
2.601661161,4.319511861,125.724005,33.33375702,orange
3.522869179,2.955263115,129.8727049,16.38151477,peach
3.334260196,4.282068727,169.2344059,32.14358401,orange
5.00195434,1.738437557,210.637591,32.97843021,apple
1.916277541,5.005808712,129.2485062,20.36089542,lemon
1.756947154,5.155687342,131.346243,16.27632227,lemon
5.398456726,1.53403382,82.88551098,36.73347438,apple
2.55738948,3.232382631,132.989741,24.95566407,orange
1.833046975,4.945644731,119.2695221,11.95059906,lemon
5.712297132,1.937399773,171.5448651,32.8080215,apple
1.701795486,5.181176848,109.8250724,13.39734446,lemon
4.700116356,1.70093226,183.7227441,31.12373729,apple
2.165561636,5.09468908,111.9209473,12.57824886,lemon
2.327278914,4.996808867,110.9171702,8.81772705,lemon
5.069289341,1.674091252,119.1793947,35.84772097,apple
4.931383986,1.903383341,136.5155153,25.31616028,apple
2.056350881,3.542250271,141.2067706,23.87368699,orange
2.062169074,5.075042184,138.577748,19.48182168,lemon
2.518140965,3.442963786,139.0254818,28.34846918,orange
2.806456182,4.625149428,125.8232568,29.57676172,orange
4.054617446,2.610082345,83.9034844,27.6855117,peach
2.008002698,4.195978059,151.8238873,26.96547714,orange
4.420108247,3.096348428,170.4186983,24.06780017,peach
2.292004426,5.073481115,121.0689119,17.38672757,lemon
1.768593296,5.048668558,109.8591957,20.42104038,lemon
4.782194339,1.849419297,134.8597492,27.33154926,apple
5.009399997,2.225258664,110.2780553,27.92211056,apple
4.778161859,2.429308383,149.2287142,39.31747599,apple
4.060394281,3.348815252,134.8994214,25.59845918,peach
4.410997936,1.966219264,169.8385778,36.93169823,apple
4.758253111,2.366728702,92.62191448,36.32413289,apple
5.268595456,2.093979605,63.15398473,40.91771555,apple
2.009621336,5.046964437,118.4146355,15.4573442,lemon
3.957029057,2.859378225,109.1775675,18.75683351,peach
4.415620963,2.216359105,175.265394,36.45253417,apple
3.634374351,2.553743905,159.0493173,10.53153574,peach
1.704421795,5.049399258,127.8482398,21.8709401,lemon
2.020873432,5.149376519,127.9493155,17.62464146,lemon
1.658150569,5.084734668,121.4201199,11.171925,lemon
4.115629617,2.677416655,83.68396608,15.64612549,peach
2.929199081,4.350748586,236.7138831,27.67862193,orange
2.252613879,5.007868058,116.103548,17.90799843,lemon
3.320167588,3.886179045,200.1589541,25.63948994,orange
4.553444145,3.026918708,132.9659041,17.49773954,peach
1.929735929,5.257618778,126.3036771,17.76117009,lemon
5.111465871,1.930775996,145.8345427,33.74684009,apple
3.384379156,3.173081176,99.26124965,16.46790261,peach
2.214775856,4.912642286,104.1255809,10.85410847,lemon
1.818212864,4.950599614,139.3206068,18.92002405,lemon
2.075363058,4.95394265,112.4572379,10.91590747,lemon
4.755841834,2.047225061,148.8900574,36.53551697,apple
5.447203404,1.886510771,180.4559334,25.24857028,apple
5.13258721,2.373673244,165.9257815,34.49694884,apple
4.154725684,2.778048917,130.1518891,22.22660657,peach
1.743480051,5.157599672,114.010014,12.48415954,lemon
4.191747943,2.95386164,127.0222672,17.98498086,peach
2.002908884,5.145121135,108.025666,14.64216169,lemon
